{
  "hash": "a7b2bfba",
  "configHash": "9340bd21",
  "lockfileHash": "4911e591",
  "browserHash": "62552041",
  "optimized": {
    "@angular/common": {
      "src": "../../../../../../node_modules/@angular/common/fesm2022/common.mjs",
      "file": "@angular_common.js",
      "fileHash": "d492fba2",
      "needsInterop": false
    },
    "@angular/core": {
      "src": "../../../../../../node_modules/@angular/core/fesm2022/core.mjs",
      "file": "@angular_core.js",
      "fileHash": "f28a622c",
      "needsInterop": false
    },
    "@angular/forms": {
      "src": "../../../../../../node_modules/@angular/forms/fesm2022/forms.mjs",
      "file": "@angular_forms.js",
      "fileHash": "0fa066a5",
      "needsInterop": false
    },
    "@angular/platform-browser": {
      "src": "../../../../../../node_modules/@angular/platform-browser/fesm2022/platform-browser.mjs",
      "file": "@angular_platform-browser.js",
      "fileHash": "f8160821",
      "needsInterop": false
    },
    "@angular/router": {
      "src": "../../../../../../node_modules/@angular/router/fesm2022/router.mjs",
      "file": "@angular_router.js",
      "fileHash": "1b66efe3",
      "needsInterop": false
    },
    "rxjs/operators": {
      "src": "../../../../../../node_modules/rxjs/dist/esm5/operators/index.js",
      "file": "rxjs_operators.js",
      "fileHash": "1a54483f",
      "needsInterop": false
    }
  },
  "chunks": {
    "chunk-YDHP5AXN": {
      "file": "chunk-YDHP5AXN.js"
    },
    "chunk-XTXAH3PF": {
      "file": "chunk-XTXAH3PF.js"
    },
    "chunk-PWGPDZCN": {
      "file": "chunk-PWGPDZCN.js"
    },
    "chunk-P4QM523C": {
      "file": "chunk-P4QM523C.js"
    }
  }
}